{"cameraMode":{"drawMode":0,"name":"Shaded","section":"Shading Mode"},"sceneLighting":false,"audioPlay":false,"sceneViewState":{"m_AlwaysRefresh":false,"showFog":false,"showSkybox":false,"showFlares":false,"showImageEffects":false,"showParticleSystems":false,"showVisualEffectGraphs":true,"m_FxEnabled":true},"in2DMode":false,"pivot":{"x":-0.00013709068298339844,"y":0.8559849858283997,"z":0.04798297584056854},"rotation":{"x":-0.0004902873770333827,"y":-0.9958043098449707,"z":-0.09107167273759842,"w":0.005372484680265188},"size":1.442179560661316,"orthographic":true}