{"cameraMode":{"drawMode":0,"name":"Shaded","section":"Shading Mode"},"sceneLighting":false,"audioPlay":false,"sceneViewState":{"m_AlwaysRefresh":false,"showFog":false,"showSkybox":false,"showFlares":false,"showImageEffects":false,"showParticleSystems":false,"showVisualEffectGraphs":true,"m_FxEnabled":true},"in2DMode":false,"pivot":{"x":-0.4965331554412842,"y":1.461448073387146,"z":-5.345979690551758},"rotation":{"x":-0.0013152806786820293,"y":-0.998390793800354,"z":-0.026063110679388047,"w":0.050384387373924258},"size":3.3073947429656984,"orthographic":false}