{"cameraMode":{"drawMode":0,"name":"Shaded","section":"Shading Mode"},"sceneLighting":false,"audioPlay":false,"sceneViewState":{"m_AlwaysRefresh":false,"showFog":false,"showSkybox":false,"showFlares":false,"showImageEffects":false,"showParticleSystems":false,"showVisualEffectGraphs":true,"m_FxEnabled":true},"in2DMode":false,"pivot":{"x":-0.0016216039657592774,"y":0.9920521378517151,"z":0.12624457478523255},"rotation":{"x":0.00261056050658226,"y":0.9892348051071167,"z":-0.14526288211345673,"w":0.017777180299162866},"size":1.5994043350219727,"orthographic":false}