{"cameraMode":{"drawMode":0,"name":"Shaded","section":"Shading Mode"},"sceneLighting":true,"audioPlay":false,"sceneViewState":{"m_AlwaysRefresh":false,"showFog":true,"showSkybox":true,"showFlares":true,"showImageEffects":true,"showParticleSystems":true,"showVisualEffectGraphs":true,"m_FxEnabled":true},"in2DMode":false,"pivot":{"x":-5.78000020980835,"y":0.05500000715255737,"z":-4.400000095367432},"rotation":{"x":-0.00033222834463231266,"y":0.9611718058586121,"z":0.0011530996998772026,"w":0.2759672701358795},"size":4.289970874786377,"orthographic":false}