{"cameraMode":{"drawMode":0,"name":"Shaded","section":"Shading Mode"},"sceneLighting":false,"audioPlay":false,"sceneViewState":{"m_AlwaysRefresh":false,"showFog":false,"showSkybox":false,"showFlares":false,"showImageEffects":false,"showParticleSystems":false,"showVisualEffectGraphs":true,"m_FxEnabled":true},"in2DMode":false,"pivot":{"x":-0.18904083967208863,"y":0.850023627281189,"z":1.9365437030792237},"rotation":{"x":0.0020319863688200714,"y":0.9972543120384216,"z":-0.029926622286438943,"w":0.06771361082792282},"size":0.6994043588638306,"orthographic":false}